{"cameraMode":{"drawMode":0,"name":"Shaded","section":"Shading Mode"},"sceneLighting":false,"audioPlay":false,"sceneViewState":{"showFog":true,"showMaterialUpdate":false,"showSkybox":true,"showFlares":true,"showImageEffects":true,"showParticleSystems":true},"in2DMode":false,"pivot":{"x":0.46967506408691409,"y":2.0553488731384279,"z":-0.14642906188964845},"rotation":{"x":-0.012309759855270386,"y":-0.41046053171157839,"z":0.005541554186493158,"w":-0.9117785096168518},"size":6.366657257080078,"orthographic":false}