{"cameraMode":{"drawMode":0,"name":"Shaded","section":"Shading Mode"},"sceneLighting":false,"audioPlay":false,"sceneViewState":{"showFog":true,"showMaterialUpdate":false,"showSkybox":true,"showFlares":true,"showImageEffects":true,"showParticleSystems":true},"in2DMode":false,"pivot":{"x":0.004999999422580004,"y":27.93199920654297,"z":0.9739999771118164},"rotation":{"x":-0.08433444052934647,"y":-0.41687870025634768,"z":0.03888188302516937,"w":-0.904205858707428},"size":0.36661195755004885,"orthographic":false}