{"cameraMode":{"drawMode":0,"name":"Shaded","section":"Shading Mode"},"sceneLighting":false,"audioPlay":false,"sceneViewState":{"showFog":true,"showMaterialUpdate":false,"showSkybox":true,"showFlares":true,"showImageEffects":true,"showParticleSystems":true},"in2DMode":false,"pivot":{"x":0.5167542695999146,"y":26.82078742980957,"z":-1.794445514678955},"rotation":{"x":-0.043384816497564319,"y":-0.9469419717788696,"z":0.28361138701438906,"w":-0.14485619962215424},"size":4.741733551025391,"orthographic":false}