{"cameraMode":{"drawMode":0,"name":"Shaded","section":"Shading Mode"},"sceneLighting":false,"audioPlay":false,"sceneViewState":{"showFog":true,"showMaterialUpdate":false,"showSkybox":true,"showFlares":true,"showImageEffects":true,"showParticleSystems":true},"in2DMode":false,"pivot":{"x":0.0,"y":-0.050000011920928958,"z":0.29999998211860659},"rotation":{"x":-0.08433444052934647,"y":-0.41687870025634768,"z":0.03888188302516937,"w":-0.904205858707428},"size":4.861203670501709,"orthographic":false}