{"cameraMode":{"drawMode":0,"name":"Shaded","section":"Shading Mode"},"sceneLighting":false,"audioPlay":false,"sceneViewState":{"showFog":true,"showMaterialUpdate":false,"showSkybox":true,"showFlares":true,"showImageEffects":true,"showParticleSystems":true},"in2DMode":false,"pivot":{"x":-0.001965627074241638,"y":0.08315427601337433,"z":-0.01912347972393036},"rotation":{"x":-0.049552395939826968,"y":0.8041167855262756,"z":0.06770507991313935,"w":0.5885209441184998},"size":1.3427684307098389,"orthographic":false}