{"cameraMode":{"drawMode":0,"name":"Shaded","section":"Shading Mode"},"sceneLighting":false,"audioPlay":false,"sceneViewState":{"showFog":true,"showMaterialUpdate":false,"showSkybox":true,"showFlares":true,"showImageEffects":true,"showParticleSystems":true},"in2DMode":false,"pivot":{"x":415.4699401855469,"y":146.42953491210938,"z":-643.670654296875},"rotation":{"x":-0.0003158843028359115,"y":-0.9992068409919739,"z":0.038988858461380008,"w":-0.008095433004200459},"size":1382.5306396484375,"orthographic":false}