{"cameraMode":{"drawMode":0,"name":"Shaded","section":"Shading Mode"},"sceneLighting":true,"audioPlay":false,"sceneViewState":{"showFog":true,"showMaterialUpdate":false,"showSkybox":true,"showFlares":true,"showImageEffects":true,"showParticleSystems":true},"in2DMode":false,"pivot":{"x":0.005380511283874512,"y":-30.63677215576172,"z":-0.2240748405456543},"rotation":{"x":0.2002984583377838,"y":-0.047007035464048389,"z":0.009621730074286461,"w":0.9785593748092651},"size":7.589911460876465,"orthographic":false}