{"cameraMode":{"drawMode":0,"name":"Shaded","section":"Shading Mode"},"sceneLighting":true,"audioPlay":false,"sceneViewState":{"showFog":true,"showMaterialUpdate":false,"showSkybox":true,"showFlares":true,"showImageEffects":true,"showParticleSystems":true},"in2DMode":false,"pivot":{"x":-1.4162423610687256,"y":0.07486867904663086,"z":2.1624624729156496},"rotation":{"x":0.11042128503322602,"y":0.30772000551223757,"z":-0.03598065301775932,"w":0.9443627595901489},"size":5.659213542938232,"orthographic":false}