{"cameraMode":{"drawMode":0,"name":"Shaded","section":"Shading Mode"},"sceneLighting":true,"audioPlay":false,"sceneViewState":{"showFog":true,"showMaterialUpdate":false,"showSkybox":true,"showFlares":true,"showImageEffects":true,"showParticleSystems":true},"in2DMode":false,"pivot":{"x":-0.030241966247558595,"y":-0.03385277837514877,"z":0.06753320246934891},"rotation":{"x":-0.045230280607938769,"y":0.7401412725448608,"z":-0.05003555119037628,"w":-0.669060230255127},"size":1.2914681434631348,"orthographic":false}