{"cameraMode":{"drawMode":0,"name":"Shaded","section":"Shading Mode"},"sceneLighting":true,"audioPlay":false,"sceneViewState":{"showFog":true,"showMaterialUpdate":false,"showSkybox":true,"showFlares":true,"showImageEffects":true,"showParticleSystems":true},"in2DMode":false,"pivot":{"x":2.406327962875366,"y":5.204105377197266,"z":-0.6740541458129883},"rotation":{"x":-0.025334365665912629,"y":-0.11282425373792649,"z":0.0028776468243449928,"w":-0.9932878017425537},"size":15.526601791381836,"orthographic":false}