{"cameraMode":{"drawMode":0,"name":"Shaded","section":"Shading Mode"},"sceneLighting":true,"audioPlay":false,"sceneViewState":{"showFog":true,"showMaterialUpdate":false,"showSkybox":true,"showFlares":true,"showImageEffects":true,"showParticleSystems":true},"in2DMode":false,"pivot":{"x":-0.009971380233764649,"y":0.013625621795654297,"z":10.030430793762207},"rotation":{"x":-0.025334365665912629,"y":-0.11282425373792649,"z":0.0028776468243449928,"w":-0.9932878017425537},"size":5.071805953979492,"orthographic":false}